column,n,mean,median,std,corr_with_age_at_death
avg_work_hours_per_day,10000,9.211857,8.96,2.903739446270647,-0.42862331468795006
avg_rest_hours_per_day,10000,5.964582,5.83,3.152097339397944,0.30501576225864707
avg_sleep_hours_per_day,10000,7.364192,7.39,2.2143863388807614,0.005954859151704512
avg_exercise_hours_per_day,10000,1.4597260000000003,1.44,0.9544279429028734,0.2819211367470282
age_at_death,10000,79.8506,81.0,12.025620199978034,1.0
